,comments,id,name,references,tags,mapping-description,mapping-target,metadata-key,key
0,,T1059,Command and Scripting Interpreter,[],[],,CVE-2019-15243,0,0
1,,T1190,Exploit Public-Facing Application,[],[],,CVE-2019-15243,1,1
2,,T1078,Valid Accounts,[],[],,CVE-2019-15243,2,2
3,,T1068,Exploitation for Privilege Escalation,[],[],,CVE-2019-15976,3,3
4,,T1059,Command and Scripting Interpreter,[],[],,CVE-2019-15976,4,4
5,,T1190,Exploit Public-Facing Application,[],[],,CVE-2019-15976,5,5
6,,T1499,Endpoint Denial of Service,[],[],,CVE-2019-15956,6,6
7,,T1098,Account Manipulation,[],[],,CVE-2019-15956,7,7
8,,T1190,Exploit Public-Facing Application,[],[],,CVE-2019-15956,8,8
9,,T1078,Valid Accounts,[],[],,CVE-2019-15956,9,9
10,,T1059,Command and Scripting Interpreter,[],[],,CVE-2019-15958,10,10
11,,T1190,Exploit Public-Facing Application,[],[],,CVE-2019-15958,11,11
12,,T1574,Hijack Execution Flow,[],[],,CVE-2019-12660,12,12
13,,T1562,Impair Defenses,[],[],,CVE-2019-12660,13,13
14,,T1078,Valid Accounts,[],[],,CVE-2019-12660,14,14
15,,T1068,Exploitation for Privilege Escalation,[],[],,CVE-2019-1753,15,15
16,,T1059,Command and Scripting Interpreter,[],[],,CVE-2019-1753,16,16
17,,T1190,Exploit Public-Facing Application,[],[],,CVE-2019-1753,17,17
18,,T1078,Valid Accounts,[],[],,CVE-2019-1753,18,18
19,,T1557,Man-in-the-Middle,[],[],,CVE-2019-1860,19,19
20,,T1005,Data from Local System,[],[],,CVE-2019-1860,20,20
21,,T1036,Masquerading,[],[],,CVE-2019-1831,21,21
22,,T1566,Phishing,[],[],,CVE-2019-1831,22,22
23,,T1059,Command and Scripting Interpreter,[],[],,CVE-2019-1942,23,23
24,,T1005,Data from Local System,[],[],,CVE-2019-1942,24,24
25,,T1565.001,Stored Data Manipulation,[],[],,CVE-2019-1942,25,25
26,,T1133,External Remote Services,[],[],,CVE-2019-1942,26,26
27,,T1078,Valid Accounts,[],[],,CVE-2019-1942,27,27
28,,T1059,Command and Scripting Interpreter,[],[],,CVE-2019-15972,28,28
29,,T1005,Data from Local System,[],[],,CVE-2019-15972,29,29
30,,T1565.001,Stored Data Manipulation,[],[],,CVE-2019-15972,30,30
31,,T1133,External Remote Services,[],[],,CVE-2019-15972,31,31
32,,T1078,Valid Accounts,[],[],,CVE-2019-15972,32,32
33,,T1608,Stage Capabilities,[],[],,CVE-2019-16009,33,33
34,,T1204.001,Malicious Link,[],[],,CVE-2019-16009,34,34
35,,T1068,Exploitation for Privilege Escalation,[],[],,CVE-2019-1879,35,35
36,,T1059,Command and Scripting Interpreter,[],[],,CVE-2019-1879,36,36
37,,T1078,Valid Accounts,[],[],,CVE-2019-1879,37,37
38,,T1068,Exploitation for Privilege Escalation,[],[],,CVE-2019-1863,38,38
39,,T1565.001,Stored Data Manipulation,[],[],,CVE-2019-1863,39,39
40,,T1190,Exploit Public-Facing Application,[],[],,CVE-2019-1863,40,40
41,,T1078,Valid Accounts,[],[],,CVE-2019-1863,41,41
42,,T1068,Exploitation for Privilege Escalation,[],[],,CVE-2020-3403,42,42
43,,T1059,Command and Scripting Interpreter,[],[],,CVE-2020-3403,43,43
44,,T1078,Valid Accounts,[],[],,CVE-2020-3403,44,44
45,,T1059.007,JavaScript,[],[],,CVE-2019-1941,45,45
46,,T1557,Man-in-the-Middle,[],[],,CVE-2019-1941,46,46
47,,T1204.001,Malicious Link,[],[],,CVE-2019-1941,47,47
48,,T1499.004,Application or System Exploitation,[],[],,CVE-2020-3292,48,48
49,,T1059,Command and Scripting Interpreter,[],[],,CVE-2020-3292,49,49
50,,T1190,Exploit Public-Facing Application,[],[],,CVE-2020-3292,50,50
51,,T1078,Valid Accounts,[],[],,CVE-2020-3292,51,51
52,,T1529,System Shutdown/Reboot,[],[],,CVE-2018-15397,52,52
53,,T1190,Exploit Public-Facing Application,[],[],,CVE-2018-15397,53,53
54,,T1059,Command and Scripting Interpreter,[],[],,CVE-2020-3253,54,54
55,,T1078,Valid Accounts,[],[],,CVE-2020-3253,55,55
56,,T1059.007,JavaScript,[],[],,CVE-2019-1838,56,56
57,,T1557,Man-in-the-Middle,[],[],,CVE-2019-1838,57,57
58,,T1204.001,Malicious Link,[],[],,CVE-2019-1838,58,58
59,,T1059.007,JavaScript,[],[],,CVE-2020-3233,59,59
60,,T1557,Man-in-the-Middle,[],[],,CVE-2020-3233,60,60
61,,T1204.001,Malicious Link,[],[],,CVE-2020-3233,61,61
62,,T1608,Stage Capabilities,[],[],,CVE-2018-15401,62,62
63,,T1204.001,Malicious Link,[],[],,CVE-2018-15401,63,63
64,,T1059,Command and Scripting Interpreter,[],[],,CVE-2019-15249,64,64
65,,T1190,Exploit Public-Facing Application,[],[],,CVE-2019-15249,65,65
66,,T1078,Valid Accounts,[],[],,CVE-2019-15249,66,66
67,,T1059.007,JavaScript,[],[],,CVE-2019-15280,67,67
68,,T1557,Man-in-the-Middle,[],[],,CVE-2019-15280,68,68
69,,T1189,Drive-by Compromise,[],[],,CVE-2019-15280,69,69
70,,T1608,Stage Capabilities,[],[],,CVE-2019-15288,70,70
71,,T1133,External Remote Services,[],[],,CVE-2019-15288,71,71
72,,T1078,Valid Accounts,[],[],,CVE-2019-15288,72,72
73,,T1608,Stage Capabilities,[],[],,CVE-2019-1781,73,73
74,,T1059,Command and Scripting Interpreter,[],[],,CVE-2019-1781,74,74
75,,T1078,Valid Accounts,[],[],,CVE-2019-1781,75,75
76,,T1565.002,Transmitted Data Manipulation,[],[],,CVE-2020-3460,76,76
77,,T1185,Man in the Browser,[],[],,CVE-2020-3460,77,77
78,,T1059.007,JavaScript,[],[],,CVE-2020-3137,78,78
79,,T1557,Man-in-the-Middle,[],[],,CVE-2020-3137,79,79
80,,T1204.001,Malicious Link,[],[],,CVE-2020-3137,80,80
81,,T1005,Data from Local System,[],[],,CVE-2020-3312,81,81
82,,T1190,Exploit Public-Facing Application,[],[],,CVE-2020-3312,82,82
83,,T1608,Stage Capabilities,[],[],,CVE-2019-1768,83,83
84,,T1059,Command and Scripting Interpreter,[],[],,CVE-2019-1768,84,84
85,,T1078,Valid Accounts,[],[],,CVE-2019-1768,85,85
86,,T1608,Stage Capabilities,[],[],,CVE-2020-3379,86,86
87,,T1078,Valid Accounts,[],[],,CVE-2020-3379,87,87
88,,T1563,Remote Service Session Hijacking,[],[],,CVE-2019-1724,88,88
89,,T1529,System Shutdown/Reboot,[],[],,CVE-2019-1817,89,89
90,,T1190,Exploit Public-Facing Application,[],[],,CVE-2019-1817,90,90
91,,T1005,Data from Local System,[],[],,CVE-2020-3477,91,91
92,,T1078,Valid Accounts,[],[],,CVE-2020-3477,92,92
93,,T1574.008,Path Interception by Search Order Hijacking,[],[],,CVE-2019-1794,93,93
94,,T1078,Valid Accounts,[],[],,CVE-2019-1794,94,94
95,,T1105,Ingress Tool Transfer,[],[],,CVE-2019-1620,95,95
96,,T1059,Command and Scripting Interpreter,[],[],,CVE-2019-1620,96,96
97,,T1068,Exploitation for Privilege Escalation,[],[],,CVE-2020-3216,97,97
98,,T1059,Command and Scripting Interpreter,[],[],,CVE-2020-3216,98,98
99,,T1499,Endpoint Denial of Service,[],[],,CVE-2020-3306,99,99
100,,T1190,Exploit Public-Facing Application,[],[],,CVE-2020-3306,100,100
101,,T1489,Service Stop,[],[],,CVE-2019-1886,101,101
102,,T1489,Service Stop,[],[],,CVE-2019-1711,102,102
103,,T1059,Command and Scripting Interpreter,[],[],,CVE-2020-3375,103,103
104,,T1190,Exploit Public-Facing Application,[],[],,CVE-2020-3375,104,104
105,,T1608,Stage Capabilities,[],[],,CVE-2019-1857,105,105
106,,T1204.001,Malicious Link,[],[],,CVE-2019-1857,106,106
107,,T1499.002,Service Exhaustion Flood,[],[],,CVE-2019-1703,107,107
108,,T1005,Data from Local System,[],[],,CVE-2019-15963,108,108
109,,T1078,Valid Accounts,[],[],,CVE-2019-15963,109,109
110,,T1105,Ingress Tool Transfer,[],[],,CVE-2019-1689,110,110
111,,T1565.001,Stored Data Manipulation,[],[],,CVE-2019-1689,111,111
112,,T1531,Account Access Removal,[],[],,CVE-2019-1689,112,112
113,,T1565.001,Stored Data Manipulation,[],[],,CVE-2020-3476,113,113
114,,T1078,Valid Accounts,[],[],,CVE-2020-3476,114,114
115,,T1608,Stage Capabilities,[],[],,CVE-2018-15466,115,115
116,,T1005,Data from Local System,[],[],,CVE-2018-15466,116,116
117,,T1059,Command and Scripting Interpreter,[],[],,CVE-2019-15287,117,117
118,,T1204.002,Malicious File,[],[],,CVE-2019-15287,118,118
119,,T1133,External Remote Services,[],[],,CVE-2019-15998,119,119
120,,T1078,Valid Accounts,[],[],,CVE-2019-15998,120,120
121,,T1068,Exploitation for Privilege Escalation,[],[],,CVE-2019-1889,121,121
122,,T1078,Valid Accounts,[],[],,CVE-2019-1889,122,122
123,,T1489,Service Stop,[],[],,CVE-2020-3134,123,123
124,,T1542.001,System Firmware,[],[],,CVE-2019-1736,124,124
125,,T1499,Endpoint Denial of Service,[],[],,CVE-2020-3120,125,125
126,,T1068,Exploitation for Privilege Escalation,[],[],,CVE-2019-1764,126,126
127,,T1204.001,Malicious Link,[],[],,CVE-2019-1764,127,127
128,,T1565.002,Transmitted Data Manipulation,[],[],,CVE-2019-1943,128,128
129,,T1189,Drive-by Compromise,[],[],,CVE-2019-1943,129,129
130,,T1557,Man-in-the-Middle,[],[],,CVE-2019-1943,130,130
131,,T1059.007,JavaScript,[],[],,CVE-2019-1665,131,131
132,,T1557,Man-in-the-Middle,[],[],,CVE-2019-1665,132,132
133,,T1204.001,Malicious Link,[],[],,CVE-2019-1665,133,133
134,,T1059.007,JavaScript,[],[],,CVE-2019-15994,134,134
135,,T1557,Man-in-the-Middle,[],[],,CVE-2019-15994,135,135
136,,T1204.001,Malicious Link,[],[],,CVE-2019-15994,136,136
137,,T1477,Exploit via Radio Interfaces,[],[],,CVE-2019-1747,137,137
138,,T1489,Service Stop,[],[],,CVE-2019-1747,138,138
139,,T1059,Command and Scripting Interpreter,[],[],,CVE-2019-15959,139,139
140,,T1091,Replication Through Removable Media,[],[],,CVE-2019-15959,140,140
141,,T1565.002,Transmitted Data Manipulation,[],[],,CVE-2019-15974,141,141
142,,T1189,Drive-by Compromise,[],[],,CVE-2019-15974,142,142
143,,T1059,Command and Scripting Interpreter,[],[],,CVE-2019-1772,143,143
144,,T1566,Phishing,[],[],,CVE-2019-1772,144,144
145,,T1204.002,Malicious File,[],[],,CVE-2019-1772,145,145
146,,T1190,Exploit Public-Facing Application,[],[],,CVE-2020-3133,146,146
147,,T1566.001,Spearphishing Attachment,[],[],,CVE-2020-3133,147,147
148,,T1190,Exploit Public-Facing Application,[],[],,CVE-2019-12696,148,148
149,,T1204.002,Malicious File,[],[],,CVE-2019-12696,149,149
150,,T1068,Exploitation for Privilege Escalation,[],[],,CVE-2020-3387,150,150
151,,T1190,Exploit Public-Facing Application,[],[],,CVE-2020-3387,151,151
152,,T1133,External Remote Services,[],[],,CVE-2020-3387,152,152
153,,T1059.007,JavaScript,[],[],,CVE-2018-15393,153,153
154,,T1557,Man-in-the-Middle,[],[],,CVE-2018-15393,154,154
155,,T1204.001,Malicious Link,[],[],,CVE-2018-15393,155,155
156,,T1499.004,Application or System Exploitation,[],[],,CVE-2019-1594,156,156
157,,T1190,Exploit Public-Facing Application,[],[],,CVE-2019-1594,157,157
158,,T1565.001,Stored Data Manipulation,[],[],,CVE-2020-3440,158,158
159,,T1566,Phishing,[],[],,CVE-2020-3440,159,159
160,,T1204.002,Malicious File,[],[],,CVE-2020-3440,160,160
161,,T1190,Exploit Public-Facing Application,[],[],,CVE-2019-1876,161,161
162,,T1068,Exploitation for Privilege Escalation,[],[],,CVE-2019-1876,162,162
163,,T1059.007,JavaScript,[],[],,CVE-2020-3121,163,163
164,,T1557,Man-in-the-Middle,[],[],,CVE-2020-3121,164,164
165,,T1204.001,Malicious Link,[],[],,CVE-2020-3121,165,165
166,,T1059,Command and Scripting Interpreter,[],[],,CVE-2019-1612,166,166
167,,T1068,Exploitation for Privilege Escalation,[],[],,CVE-2019-1612,167,167
168,,T1078,Valid Accounts,[],[],,CVE-2019-1612,168,168
169,,T1133,External Remote Services,[],[],,CVE-2019-1612,169,169
170,,T1078,Valid Accounts,[],[],,CVE-2019-1715,170,170
171,,T1557,Man-in-the-Middle,[],[],,CVE-2019-1715,171,171
172,,T1040,Network Sniffing,[],[],,CVE-2019-1715,172,172
173,,T1110,Brute Force,[],[],,CVE-2019-1715,173,173
174,,T1059,Command and Scripting Interpreter,[],[],,CVE-2019-1609,174,174
175,,T1068,Exploitation for Privilege Escalation,[],[],,CVE-2019-1609,175,175
176,,T1078,Valid Accounts,[],[],,CVE-2019-1609,176,176
177,,T1565.001,Stored Data Manipulation,[],[],,CVE-2019-1836,177,177
178,,T1133,External Remote Services,[],[],,CVE-2019-1836,178,178
179,,T1499.004,Application or System Exploitation,[],[],,CVE-2019-15289,179,179
180,,T1190,Exploit Public-Facing Application,[],[],,CVE-2019-15289,180,180
181,,T1059,Command and Scripting Interpreter,[],[],,CVE-2018-15444,181,181
182,,T1005,Data from Local System,[],[],,CVE-2018-15444,182,182
183,,T1133,External Remote Services,[],[],,CVE-2018-15444,183,183
184,,T1059,Command and Scripting Interpreter,[],[],,CVE-2019-1611,184,184
185,,T1068,Exploitation for Privilege Escalation,[],[],,CVE-2019-1611,185,185
186,,T1078,Valid Accounts,[],[],,CVE-2019-1611,186,186
187,,T1499.004,Application or System Exploitation,[],[],,CVE-2020-3407,187,187
188,,T1190,Exploit Public-Facing Application,[],[],,CVE-2020-3407,188,188
189,,T1565.001,Stored Data Manipulation,[],[],,CVE-2020-3237,189,189
190,,T1133,External Remote Services,[],[],,CVE-2020-3237,190,190
191,,T1574,Hijack Execution Flow,[],[],,CVE-2018-15376,191,191
192,,T1499.004,Application or System Exploitation,[],[],,CVE-2018-15376,192,192
193,,T1566,Phishing,[],[],,CVE-2018-15376,193,193
194,,T1091,Replication Through Removable Media,[],[],,CVE-2018-15376,194,194
195,,T1204.002,Malicious File,[],[],,CVE-2018-15376,195,195
196,,T1499.004,Application or System Exploitation,[],[],,CVE-2019-15276,196,196
197,,T1189,Drive-by Compromise,[],[],,CVE-2019-15276,197,197
198,,T1190,Exploit Public-Facing Application,[],[],,CVE-2019-15276,198,198
199,,T1566,Phishing,[],[],,CVE-2019-15276,199,199
200,,T1542.004,ROMMONkit,[],[],,CVE-2020-3416,200,200
201,,T1078,Valid Accounts,[],[],,CVE-2020-3416,201,201
202,,T1080,Taint Shared Content,[],[],,CVE-2020-3126,202,202
203,,T1204.002,Malicious File,[],[],,CVE-2020-3126,203,203
204,,T1190,Exploit Public-Facing Application,[],[],,CVE-2020-3126,204,204
205,,T1059.007,JavaScript,[],[],,CVE-2020-3356,205,205
206,,T1557,Man-in-the-Middle,[],[],,CVE-2020-3356,206,206
207,,T1204.001,Malicious Link,[],[],,CVE-2020-3356,207,207
208,,T1068,Exploitation for Privilege Escalation,[],[],,CVE-2019-1915,208,208
209,,T1098,Account Manipulation,[],[],,CVE-2019-1915,209,209
210,,T1189,Drive-by Compromise,[],[],,CVE-2019-1915,210,210
211,,T1190,Exploit Public-Facing Application,[],[],,CVE-2019-1915,211,211
212,,T1566,Phishing,[],[],,CVE-2019-1915,212,212
213,,T1204.002,Malicious File,[],[],,CVE-2019-1915,213,213
214,,T1499.004,Application or System Exploitation,[],[],,CVE-2019-1746,214,214
215,,T1190,Exploit Public-Facing Application,[],[],,CVE-2019-1746,215,215
216,,T1499.004,Application or System Exploitation,[],[],,CVE-2020-3397,216,216
217,,T1190,Exploit Public-Facing Application,[],[],,CVE-2020-3397,217,217
218,,T1059,Command and Scripting Interpreter,[],[],,CVE-2019-1812,218,218
219,,T1548,Abuse Elevation Control Mechanism,[],[],,CVE-2019-1812,219,219
220,,T1078,Valid Accounts,[],[],,CVE-2019-1812,220,220
221,,T1499.004,Application or System Exploitation,[],[],,CVE-2020-3322,221,221
222,,T1566,Phishing,[],[],,CVE-2020-3322,222,222
223,,T1204.002,Malicious File,[],[],,CVE-2020-3322,223,223
224,,T1574,Hijack Execution Flow,[],[],,CVE-2020-3198,224,224
225,,T1499.004,Application or System Exploitation,[],[],,CVE-2020-3198,225,225
226,,T1189,Drive-by Compromise,[],[],,CVE-2020-3198,226,226
227,,T1190,Exploit Public-Facing Application,[],[],,CVE-2020-3198,227,227
228,,T1133,External Remote Services,[],[],,CVE-2020-3198,228,228
229,,T1566,Phishing,[],[],,CVE-2020-3198,229,229
230,,T1204.002,Malicious File,[],[],,CVE-2020-3198,230,230
231,,T1091,Replication Through Removable Media,[],[],,CVE-2020-3198,231,231
232,,T1574,Hijack Execution Flow,[],[],,CVE-2020-3309,232,232
233,,T1565.001,Stored Data Manipulation,[],[],,CVE-2020-3309,233,233
234,,T1190,Exploit Public-Facing Application,[],[],,CVE-2020-3309,234,234
235,,T1133,External Remote Services,[],[],,CVE-2020-3309,235,235
236,,T1005,Data from Local System,[],[],,CVE-2020-3177,236,236
237,,T1190,Exploit Public-Facing Application,[],[],,CVE-2020-3177,237,237
238,,T1499.004,Application or System Exploitation,[],[],,CVE-2020-3510,238,238
239,,T1190,Exploit Public-Facing Application,[],[],,CVE-2020-3510,239,239
240,,T1542.004,ROMMONkit,[],[],,CVE-2020-3513,240,240
241,,T1078,Valid Accounts,[],[],,CVE-2020-3513,241,241
242,,T1499.004,Application or System Exploitation,[],[],,CVE-2020-3409,242,242
243,,T1190,Exploit Public-Facing Application,[],[],,CVE-2020-3409,243,243
244,,T1059.007,JavaScript,[],[],,CVE-2020-3349,244,244
245,,T1557,Man-in-the-Middle,[],[],,CVE-2020-3349,245,245
246,,T1204.001,Malicious Link,[],[],,CVE-2020-3349,246,246
247,,T1499.004,Application or System Exploitation,[],[],,CVE-2018-15392,247,247
248,,T1190,Exploit Public-Facing Application,[],[],,CVE-2018-15392,248,248
249,,T1499,Endpoint Denial of Service,[],[],,CVE-2018-15462,249,249
250,,T1190,Exploit Public-Facing Application,[],[],,CVE-2018-15462,250,250
251,,T1499,Endpoint Denial of Service,[],[],,CVE-2019-1704,251,251
252,,T1190,Exploit Public-Facing Application,[],[],,CVE-2019-1704,252,252
253,,T1211,Exploitation for Defense Evasion,[],[],,CVE-2020-3244,253,253
254,,T1190,Exploit Public-Facing Application,[],[],,CVE-2020-3244,254,254
255,,T1005,Data from Local System,[],[],,CVE-2020-3240,255,255
256,,T1505.003,Web Shell,[],[],,CVE-2020-3240,256,256
257,,T1003.008,/etc/passwd and /etc/shadow,[],[],,CVE-2020-3240,257,257
258,,T1552.001,Credentials In Files,[],[],,CVE-2020-3240,258,258
259,,T1059,Command and Scripting Interpreter,[],[],,CVE-2020-3240,259,259
260,,T1133,External Remote Services,[],[],,CVE-2020-3240,260,260
261,,T1059,Command and Scripting Interpreter,[],[],,CVE-2019-1790,261,261
262,,T1068,Exploitation for Privilege Escalation,[],[],,CVE-2019-1790,262,262
263,,T1078,Valid Accounts,[],[],,CVE-2019-1790,263,263
264,,T1078.001,Default Accounts,[],[],,CVE-2020-5364,264,264
265,,T1005,Data from Local System,[],[],,CVE-2020-5364,265,265
266,,T1190,Exploit Public-Facing Application,[],[],,CVE-2019-3707,266,266
267,,T1068,Exploitation for Privilege Escalation,[],[],,CVE-2019-3735,267,267
268,,T1078,Valid Accounts,[],[],,CVE-2019-3735,268,268
269,,T1059,Command and Scripting Interpreter,[],[],,CVE-2018-11048,269,269
270,,T1005,Data from Local System,[],[],,CVE-2018-11048,270,270
271,,T1499.004,Application or System Exploitation,[],[],,CVE-2018-11048,271,271
272,,T1133,External Remote Services,[],[],,CVE-2018-11048,272,272
273,,T1059.007,JavaScript,[],[],,CVE-2019-3754,273,273
274,,T1557,Man-in-the-Middle,[],[],,CVE-2019-3754,274,274
275,,T1204.001,Malicious Link,[],[],,CVE-2019-3754,275,275
276,,T1078.001,Default Accounts,[],[],,CVE-2020-5374,276,276
277,,T1078.001,Default Accounts,[],[],,CVE-2018-15771,277,277
278,,T1005,Data from Local System,[],[],,CVE-2018-15771,278,278
279,,T1068,Exploitation for Privilege Escalation,[],[],,CVE-2018-15782,279,279
280,,T1566,Phishing,[],[],,CVE-2018-15782,280,280
281,,T1204.002,Malicious File,[],[],,CVE-2018-15782,281,281
282,,T1485,Data Destruction,[],[],,CVE-2019-3723,282,282
283,,T1059,Command and Scripting Interpreter,[],[],,CVE-2019-3723,283,283
284,,T1574,Hijack Execution Flow,[],[],,CVE-2019-3723,284,284
285,,T1190,Exploit Public-Facing Application,[],[],,CVE-2019-3723,285,285
286,,T1078,Valid Accounts,[],[],,CVE-2018-11045,286,286
287,,T1110,Brute Force,[],[],,CVE-2018-11045,287,287
288,,T1190,Exploit Public-Facing Application,[],[],,CVE-2020-5345,288,288
289,,T1565.001,Stored Data Manipulation,[],[],,CVE-2020-5345,289,289
290,,T1059.007,JavaScript,[],[],,CVE-2020-5336,290,290
291,,T1557,Man-in-the-Middle,[],[],,CVE-2020-5336,291,291
292,,T1204.001,Malicious Link,[],[],,CVE-2020-5336,292,292
293,,T1078,Valid Accounts,[],[],,CVE-2018-15795,293,293
294,,T1110,Brute Force,[],[],,CVE-2018-15795,294,294
295,,T1078.001,Default Accounts,[],[],,CVE-2020-5365,295,295
296,,T1110,Brute Force,[],[],,CVE-2020-5365,296,296
297,,T1548,Abuse Elevation Control Mechanism,[],[],,CVE-2019-3717,297,297
298,,T1200,Hardware Additions,[],[],,CVE-2019-3717,298,298
299,,T1005,Data from Local System,[],[],,CVE-2019-3732,299,299
300,,T1190,Exploit Public-Facing Application,[],[],,CVE-2019-3732,300,300
301,,T1005,Data from Local System,[],[],,CVE-2019-3731,301,301
302,,T1190,Exploit Public-Facing Application,[],[],,CVE-2019-3731,302,302
303,,T1068,Exploitation for Privilege Escalation,[],[],,CVE-2020-5326,303,303
304,,T1542.001,System Firmware,[],[],,CVE-2020-5326,304,304
305,,T1059,Command and Scripting Interpreter,[],[],,CVE-2018-15776,305,305
306,,T1190,Exploit Public-Facing Application,[],[],,CVE-2018-15776,306,306
307,,T1563,Remote Service Session Hijacking,[],[],,CVE-2019-18573,307,307
308,,T1059,Command and Scripting Interpreter,[],[],,CVE-2019-3727,308,308
309,,T1068,Exploitation for Privilege Escalation,[],[],,CVE-2019-3727,309,309
310,,T1489,Service Stop,[],[],,CVE-2019-3728,310,310
311,,T1563,Remote Service Session Hijacking,[],[],,CVE-2019-3790,311,311
312,,T1078,Valid Accounts,[],[],,CVE-2019-3790,312,312
313,,T1059,Command and Scripting Interpreter,[],[],,CVE-2019-3719,313,313
314,,T1204.002,Malicious File,[],[],,CVE-2019-3719,314,314
315,,T1059,Command and Scripting Interpreter,[],[],,CVE-2018-15764,315,315
316,,T1190,Exploit Public-Facing Application,[],[],,CVE-2018-15764,316,316
317,,T1496,Resource Hijacking,[],[],,CVE-2018-11084,317,317
318,,T1059.007,JavaScript,[],[],,CVE-2020-5339,318,318
319,,T1185,Man in the Browser,[],[],,CVE-2020-5339,319,319
320,,T1189,Drive-by Compromise,[],[],,CVE-2020-5339,320,320
321,,T1557,Man-in-the-Middle,[],[],,CVE-2018-15784,321,321
322,,T1005,Data from Local System,[],[],,CVE-2020-5386,322,322
323,,T1059,Command and Scripting Interpreter,[],[],,CVE-2019-3704,323,323
324,,T1068,Exploitation for Privilege Escalation,[],[],,CVE-2019-3704,324,324
325,,T1078,Valid Accounts,[],[],,CVE-2019-3704,325,325
326,,T1005,Data from Local System,[],[],,CVE-2019-3799,326,326
327,,T1190,Exploit Public-Facing Application,[],[],,CVE-2019-3799,327,327
328,,T1059.007,JavaScript,[],[],,CVE-2019-18578,328,328
329,,T1185,Man in the Browser,[],[],,CVE-2019-18578,329,329
330,,T1189,Drive-by Compromise,[],[],,CVE-2019-18578,330,330
331,,T1059.007,JavaScript,[],[],,CVE-2020-5340,331,331
332,,T1185,Man in the Browser,[],[],,CVE-2020-5340,332,332
333,,T1189,Drive-by Compromise,[],[],,CVE-2020-5340,333,333
334,,T1068,Exploitation for Privilege Escalation,[],[],,CVE-2020-5358,334,334
335,,T1068,Exploitation for Privilege Escalation,[],[],,CVE-2020-5371,335,335
336,,T1005,Data from Local System,[],[],,CVE-2020-5371,336,336
337,,T1190,Exploit Public-Facing Application,[],[],,CVE-2019-3758,337,337
338,,T1136,Create Account,[],[],,CVE-2019-3758,338,338
339,,T1005,Data from Local System,[],[],,CVE-2018-11051,339,339
340,,T1190,Exploit Public-Facing Application,[],[],,CVE-2018-11051,340,340
341,,T1542.001,System Firmware,[],[],,CVE-2020-5378,341,341
342,,T1005,Data from Local System,[],[],,CVE-2019-3767,342,342
343,,T1078,Valid Accounts,[],[],,CVE-2018-15800,343,343
344,,T1110,Brute Force,[],[],,CVE-2018-15800,344,344
345,,T1059.007,JavaScript,[],[],,CVE-2018-11059,345,345
346,,T1185,Man in the Browser,[],[],,CVE-2018-11059,346,346
347,,T1189,Drive-by Compromise,[],[],,CVE-2018-11059,347,347
348,,T1098,Account Manipulation,[],[],,CVE-2019-3775,348,348
349,,T1059.007,JavaScript,[],[],,CVE-2018-11075,349,349
350,,T1185,Man in the Browser,[],[],,CVE-2018-11075,350,350
351,,T1204.002,Malicious File,[],[],,CVE-2018-11075,351,351
352,,T1542.001,System Firmware,[],[],,CVE-2020-5376,352,352
353,,T1068,Exploitation for Privilege Escalation,[],[],,CVE-2018-15761,353,353
354,,T1078,Valid Accounts,[],[],,CVE-2018-15761,354,354
355,,T1552,Unsecured Credentials,[],[],,CVE-2019-3787,355,355
356,,T1078,Valid Accounts,[],[],,CVE-2019-3787,356,356
357,,T1098,Account Manipulation,[],[],,CVE-2019-3787,357,357
358,,T1068,Exploitation for Privilege Escalation,[],[],,CVE-2018-15797,358,358
359,,T1552,Unsecured Credentials,[],[],,CVE-2018-15797,359,359
360,,T1499,Endpoint Denial of Service,[],[],,CVE-2018-15772,360,360
361,,T1005,Data from Local System,[],[],,CVE-2020-5331,361,361
362,,T1068,Exploitation for Privilege Escalation,[],[],,CVE-2020-5362,362,362
363,,T1098,Account Manipulation,[],[],,CVE-2020-5362,363,363
364,,T1059.007,JavaScript,[],[],,CVE-2019-18571,364,364
365,,T1185,Man in the Browser,[],[],,CVE-2019-18571,365,365
366,,T1204.002,Malicious File,[],[],,CVE-2019-18571,366,366
367,,T1552.001,Credentials In Files,[],[],,CVE-2019-3782,367,367
368,,T1098,Account Manipulation,[],[],,CVE-2019-3782,368,368
369,,T1542.001,System Firmware,[],[],,CVE-2020-5379,369,369
370,,T1552,Unsecured Credentials,[],[],,CVE-2018-11088,370,370
371,,T1068,Exploitation for Privilege Escalation,[],[],,CVE-2018-11088,371,371
372,,T1078.001,Default Accounts,[],[],,CVE-2018-11062,372,372
373,,T1068,Exploitation for Privilege Escalation,[],[],,CVE-2018-15758,373,373
374,,T1190,Exploit Public-Facing Application,[],[],,CVE-2018-15758,374,374
375,,T1552.001,Credentials In Files,[],[],,CVE-2019-3780,375,375
376,,T1068,Exploitation for Privilege Escalation,[],[],,CVE-2019-3780,376,376
377,,T1068,Exploitation for Privilege Escalation,[],[],,CVE-2020-5369,377,377
378,,T1005,Data from Local System,[],[],,CVE-2020-5366,378,378
379,,T1190,Exploit Public-Facing Application,[],[],,CVE-2020-5366,379,379
380,,T1068,Exploitation for Privilege Escalation,[],[],,CVE-2019-3798,380,380
381,,T1136,Create Account,[],[],,CVE-2019-3798,381,381
382,,T1190,Exploit Public-Facing Application,[],[],,CVE-2020-5373,382,382
383,,T1005,Data from Local System,[],[],,CVE-2020-5373,383,383
384,,T1036,Masquerading,[],[],,CVE-2019-3788,384,384
385,,T1566.002,Spearphishing Link,[],[],,CVE-2019-3788,385,385
386,,T1068,Exploitation for Privilege Escalation,[],[],,CVE-2018-11060,386,386
387,,T1036,Masquerading,[],[],,CVE-2018-11067,387,387
388,,T1566.002,Spearphishing Link,[],[],,CVE-2018-11067,388,388
389,,T1068,Exploitation for Privilege Escalation,[],[],,CVE-2020-5328,389,389
390,,T1563,Remote Service Session Hijacking,[],[],,CVE-2019-3784,390,390
391,,T1553,Subvert Trust Controls,[],[],,CVE-2019-3762,391,391
392,,T1588.004,Digital Certificates,[],[],,CVE-2019-3762,392,392
393,,T1059,Command and Scripting Interpreter,[],[],,CVE-2019-18582,393,393
394,,T1574,Hijack Execution Flow,[],[],,CVE-2018-11049,394,394
395,,T1059,Command and Scripting Interpreter,[],[],,CVE-2020-5350,395,395
396,,T1098,Account Manipulation,[],[],,CVE-2020-5350,396,396
397,,T1550.001,Application Access Token,[],[],,CVE-2018-15801,397,397
398,,T1562,Impair Defenses,[],[],,CVE-2019-18581,398,398
399,,T1059,Command and Scripting Interpreter,[],[],,CVE-2019-18581,399,399
400,,T1059,Command and Scripting Interpreter,[],[],,CVE-2020-5332,400,400
401,,T1036,Masquerading,[],[],,CVE-2019-3778,401,401
402,,T1566.002,Spearphishing Link,[],[],,CVE-2019-3778,402,402
403,,T1068,Exploitation for Privilege Escalation,[],[],,CVE-2018-15774,403,403
404,,T1190,Exploit Public-Facing Application,[],[],,CVE-2018-15780,404,404
405,,T1005,Data from Local System,[],[],,CVE-2018-15780,405,405
406,,T1005,Data from Local System,[],[],,CVE-2019-3786,406,406
407,,T1565.001,Stored Data Manipulation,[],[],,CVE-2019-3786,407,407
408,,T1190,Exploit Public-Facing Application,[],[],,CVE-2019-3706,408,408
409,,T1055.001,Dynamic-link Library Injection,[],[],,CVE-2018-11072,409,409
410,,T1059.007,JavaScript,[],[],,CVE-2018-11073,410,410
411,,T1185,Man in the Browser,[],[],,CVE-2018-11073,411,411
412,,T1189,Drive-by Compromise,[],[],,CVE-2018-11073,412,412
413,,T1557,Man-in-the-Middle,[],[],,CVE-2018-11087,413,413
414,,T1059.007,JavaScript,[],[],,CVE-2019-3708,414,414
415,,T1185,Man in the Browser,[],[],,CVE-2019-3708,415,415
416,,T1204.001,Malicious Link,[],[],,CVE-2019-3708,416,416
417,,T1548.003,Sudo and Sudo Caching,[],[],,CVE-2018-15767,417,417
418,,T1600,Weaken Encryption,[],[],,CVE-2018-11069,418,418
419,,T1110,Brute Force,[],[],,CVE-2018-11069,419,419
420,,T1552,Unsecured Credentials,[],[],,CVE-2019-3763,420,420
421,,T1078 ,Valid Accounts,[],[],,CVE-2019-3763,421,421
422,,T1485,Data Destruction,[],[],,CVE-2019-3750,422,422
423,,T1552,Unsecured Credentials,[],[],,CVE-2020-15105,423,423
424,,T1078 ,Valid Accounts,[],[],,CVE-2020-15105,424,424
425,,T1059,Command and Scripting Interpreter,[],[],,CVE-2020-15188,425,425
426,,T1133,External Remote Services,[],[],,CVE-2020-15188,426,426
427,,T1036,Masquerading,[],[],,CVE-2020-5250,427,427
428,,T1478,Install Insecure or Malicious Configuration,[],[],,CVE-2020-5250,428,428
429,,T1005,Data from Local System,[],[],,CVE-2019-16768,429,429
430,,T1059,Command and Scripting Interpreter,[],[],,CVE-2020-15147,430,430
431,,T1133,External Remote Services,[],[],,CVE-2020-15147,431,431
432,,T1059,Command and Scripting Interpreter,[],[],,CVE-2020-15118,432,432
433,,T1185,Man in the Browser,[],[],,CVE-2020-15118,433,433
434,,T1574,Hijack Execution Flow,[],[],,CVE-2020-5210,434,434
435,,T1499.004,Application or System Exploitation,[],[],,CVE-2020-5210,435,435
436,,T1059,Command and Scripting Interpreter,[],[],,CVE-2020-11055,436,436
437,,T1185,Man in the Browser,[],[],,CVE-2020-11055,437,437
438,,T1059,Command and Scripting Interpreter,[],[],,CVE-2020-5283,438,438
439,,T1185,Man in the Browser,[],[],,CVE-2020-5283,439,439
440,,T1574,Hijack Execution Flow,[],[],,CVE-2020-15211,440,440
441,,T1190,Exploit Public-Facing Application,[],[],,CVE-2020-15211,441,441
442,,T1005,Data from Local System,[],[],,CVE-2020-5220,442,442
443,,T1190,Exploit Public-Facing Application,[],[],,CVE-2020-5220,443,443
444,,T1005,Data from Local System,[],[],,CVE-2020-11021,444,444
445,,T1190,Exploit Public-Facing Application,[],[],,CVE-2020-11021,445,445
446,,T1059.007,JavaScript,[],[],,CVE-2020-5269,446,446
447,,T1557,Man-in-the-Middle,[],[],,CVE-2020-5269,447,447
448,,T1204.001,Malicious Link,[],[],,CVE-2020-5269,448,448
449,,T1059.007,JavaScript,[],[],,CVE-2020-11030,449,449
450,,T1557,Man-in-the-Middle,[],[],,CVE-2020-11030,450,450
451,,T1204.001,Malicious Link,[],[],,CVE-2020-11030,451,451
452,,T1059.007,JavaScript,[],[],,CVE-2020-11036,452,452
453,,T1185,Man in the Browser,[],[],,CVE-2020-11036,453,453
454,,T1189,Drive-by Compromise,[],[],,CVE-2020-11036,454,454
455,,T1574,Hijack Execution Flow,[],[],,CVE-2020-15100,455,455
456,,T1499.004,Application or System Exploitation,[],[],,CVE-2020-15100,456,456
457,,T1078,Valid Accounts,[],[],,CVE-2020-15100,457,457
458,,T1059,Command and Scripting Interpreter,[],[],,CVE-2020-15094,458,458
459,,T1040,Network Sniffing,[],[],,CVE-2020-15094,459,459
460,,T1059,Command and Scripting Interpreter,[],[],,CVE-2020-15140,460,460
461,,T1133,External Remote Services,[],[],,CVE-2020-15140,461,461
462,,T1005,Data from Local System,[],[],,CVE-2020-11087,462,462
463,,T1211,Exploitation for Defense Evasion,[],[],,CVE-2020-11087,463,463
464,,T1059.007,JavaScript,[],[],,CVE-2020-11023,464,464
465,,T1557,Man-in-the-Middle,[],[],,CVE-2020-11023,465,465
466,,T1204.001,Malicious Link,[],[],,CVE-2020-11023,466,466
467,,T1563,Remote Service Session Hijacking,[],[],,CVE-2020-5290,467,467
468,,T1189,Drive-by Compromise,[],[],,CVE-2020-5290,468,468
469,,T1499.004,Application or System Exploitation,[],[],,CVE-2020-11090,469,469
470,,T1036,Masquerading,[],[],,CVE-2020-5270,470,470
471,,T1059.007,JavaScript,[],[],,CVE-2020-5270,471,471
472,,T1557,Man-in-the-Middle,[],[],,CVE-2020-5270,472,472
473,,T1005,Data from Local System,[],[],,CVE-2020-5270,473,473
474,,T1566.002,Spearphishing Link,[],[],,CVE-2020-5270,474,474
475,,T1574,Hijack Execution Flow,[],[],,CVE-2020-5254,475,475
476,,T1190,Exploit Public-Facing Application,[],[],,CVE-2020-5254,476,476
477,,T1059,Command and Scripting Interpreter,[],[],,CVE-2020-15096,477,477
478,,T1190,Exploit Public-Facing Application,[],[],,CVE-2020-15096,478,478
479,,T1190,Exploit Public-Facing Application,[],[],,CVE-2020-11013,479,479
480,,T1552 ,Unsecured Credentials,[],[],,CVE-2020-15095,480,480
481,,T1036 ,Masquerading,[],[],,CVE-2020-15233,481,481
482,,T1566.002,Spearphishing Link,[],[],,CVE-2020-15233,482,482
483,,T1190,Exploit Public-Facing Application,[],[],,CVE-2020-5252,483,483
484,,T1005,Data from Local System,[],[],,CVE-2020-11019,484,484
485,,T1499.004,Application or System Exploitation,[],[],,CVE-2020-11019,485,485
486,,T1211,Exploitation for Defense Evasion,[],[],,CVE-2020-11019,486,486
487,,T1068 ,Exploitation for Privilege Escalation,[],[],,CVE-2020-15182,487,487
488,,T1204.001,Malicious Link,[],[],,CVE-2020-15182,488,488
489,,T1059.007,JavaScript,[],[],,CVE-2020-5264,489,489
490,,T1557,Man-in-the-Middle,[],[],,CVE-2020-5264,490,490
491,,T1204.001,Malicious Link,[],[],,CVE-2020-5264,491,491
492,,T1190,Exploit Public-Facing Application,[],[],,CVE-2020-11078,492,492
493,,T1190,Exploit Public-Facing Application,[],[],,CVE-2020-11050,493,493
494,,T1190,Exploit Public-Facing Application,[],[],,CVE-2020-15170,494,494
495,,T1478 ,Install Insecure or Malicious Configuration,[],[],,CVE-2020-15170,495,495
496,,T1005 ,Data from Local System,[],[],,CVE-2020-5295,496,496
497,,T1133,External Remote Services,[],[],,CVE-2020-5295,497,497
498,,T1505.003,Web Shell,[],[],,CVE-2020-15189,498,498
499,,T1059,Command and Scripting Interpreter,[],[],,CVE-2020-15189,499,499
500,,T1133 ,External Remote Services,[],[],,CVE-2020-15189,500,500
501,,T1005,Data from Local System,[],[],,CVE-2020-15137,501,501
502,,T1499.004,Application or System Exploitation,[],[],,CVE-2020-15137,502,502
503,,T1190 ,Exploit Public-Facing Application,[],[],,CVE-2020-15137,503,503
504,,T1078,Valid Accounts,[],[],,CVE-2020-11035,504,504
505,,T1557,Man-in-the-Middle,[],[],,CVE-2020-11035,505,505
506,,T1040,Network Sniffing,[],[],,CVE-2020-11035,506,506
507,,T1110,Brute Force,[],[],,CVE-2020-11035,507,507
508,,T1059,Command and Scripting Interpreter,[],[],,CVE-2020-5217,508,508
509,,T1185,Man in the Browser,[],[],,CVE-2020-5217,509,509
510,,T1190 ,Exploit Public-Facing Application,[],[],,CVE-2020-5261,510,510
511,,T1040,Network Sniffing,[],[],,CVE-2020-5261,511,511
512,,T1190,Exploit Public-Facing Application,[],[],,CVE-2020-11054,512,512
513,,T1189,Drive-by Compromise,[],[],,CVE-2020-11054,513,513
514,,T1574,Hijack Execution Flow,[],[],,CVE-2020-4068,514,514
515,,T1499.004,Application or System Exploitation,[],[],,CVE-2020-4068,515,515
516,,T1189,Drive-by Compromise,[],[],,CVE-2020-4068,516,516
517,,T1190,Exploit Public-Facing Application,[],[],,CVE-2020-4068,517,517
518,,T1133,External Remote Services,[],[],,CVE-2020-4068,518,518
519,,T1566,Phishing,[],[],,CVE-2020-4068,519,519
520,,T1204.002,Malicious File,[],[],,CVE-2020-4068,520,520
521,,T1091,Replication Through Removable Media,[],[],,CVE-2020-4068,521,521
522,,T1190,Exploit Public-Facing Application,[],[],,CVE-2020-15109,522,522
523,,T1565,Data Manipulation,[],[],,CVE-2020-15109,523,523
524,,T1133,External Remote Services,[],[],,CVE-2020-15109,524,524
525,,T1059.007,JavaScript,[],[],,CVE-2020-11082,525,525
526,,T1557,Man-in-the-Middle,[],[],,CVE-2020-11082,526,526
527,,T1204.001,Malicious Link,[],[],,CVE-2020-11082,527,527
528,,T1078,Valid Accounts,[],[],,CVE-2020-15093,528,528
529,,T1557,Man-in-the-Middle,[],[],,CVE-2020-15093,529,529
530,,T1040,Network Sniffing,[],[],,CVE-2020-15093,530,530
531,,T1110,Brute Force,[],[],,CVE-2020-15093,531,531
532,,T1190,Exploit Public-Facing Application,[],[],,CVE-2020-5225,532,532
533,,T1565,Data Manipulation,[],[],,CVE-2020-5225,533,533
534,,T1133,External Remote Services,[],[],,CVE-2020-5225,534,534
535,,T1059.007,JavaScript,[],[],,CVE-2020-5266,535,535
536,,T1557,Man-in-the-Middle,[],[],,CVE-2020-5266,536,536
537,,T1189,Drive-by Compromise,[],[],,CVE-2020-5266,537,537
538,,T1574,Hijack Execution Flow,[],[],,CVE-2020-15208,538,538
539,,T1499.004,Application or System Exploitation,[],[],,CVE-2020-15208,539,539
540,,T1059 ,Command and Scripting Interpreter,[],[],,CVE-2020-11010,540,540
541,,T1005,Data from Local System,[],[],,CVE-2020-11010,541,541
542,,T1505.003,Web Shell,[],[],,CVE-2020-11010,542,542
543,,T1136,Create Account,[],[],,CVE-2020-11010,543,543
544,,T1190,Exploit Public-Facing Application,[],[],,CVE-2020-11010,544,544
545,,T1565.001,Stored Data Manipulation,[],[],,CVE-2020-11010,545,545
546,,T1133,External Remote Services,[],[],,CVE-2020-11010,546,546
547,,T1190,Exploit Public-Facing Application,[],[],,CVE-2019-16784,547,547
548,,T1068,Exploitation for Privilege Escalation,[],[],,CVE-2019-16784,548,548
549,,T1059.006,Python,[],[],,CVE-2019-16784,549,549
550,,T1059,Command and Scripting Interpreter,[],[],,CVE-2020-15143,550,550
551,,T1133,External Remote Services,[],[],,CVE-2020-15143,551,551
552,,T1574,Hijack Execution Flow,[],[],,CVE-2020-11039,552,552
553,,T1005,Data from Local System,[],[],,CVE-2020-11039,553,553
554,,T1499.004,Application or System Exploitation,[],[],,CVE-2020-11039,554,554
555,,T1574,Hijack Execution Flow,[],[],,CVE-2020-15199,555,555
556,,T1499.004,Application or System Exploitation,[],[],,CVE-2020-15199,556,556
557,,T1190,Exploit Public-Facing Application,[],[],,CVE-2019-16760,557,557
558,,T1478,Install Insecure or Malicious Configuration,[],[],,CVE-2019-16760,558,558
559,,T1059,Command and Scripting Interpreter,[],[],,CVE-2020-15179,559,559
560,,T1185,Man in the Browser,[],[],,CVE-2020-15179,560,560
561,,T1059.007,JavaScript,[],[],,CVE-2020-5271,561,561
562,,T1557,Man-in-the-Middle,[],[],,CVE-2020-5271,562,562
563,,T1204.001,Malicious Link,[],[],,CVE-2020-5271,563,563
564,,T1078.001,Default Accounts,[],[],,CVE-2020-5231,564,564
565,,T1136,Create Account,[],[],,CVE-2020-5231,565,565
566,,T1190,Exploit Public-Facing Application,[],[],,CVE-2020-5279,566,566
567,,T1005,Data from Local System,[],[],,CVE-2020-11059,567,567
568,,T1059,Command and Scripting Interpreter,[],[],,CVE-2020-15183,568,568
569,,T1185,Man in the Browser,[],[],,CVE-2020-15183,569,569
570,,T1499.004,Application or System Exploitation,[],[],,CVE-2020-11044,570,570
571,,T1005,Data from Local System,[],[],,CVE-2020-5284,571,571
572,,T1059,Command and Scripting Interpreter,[],[],,CVE-2020-15162,572,572
573,,T1185,Man in the Browser,[],[],,CVE-2020-15162,573,573
574,,T1059,Command and Scripting Interpreter,[],[],,CVE-2020-11073,574,574
575,,T1204.002,Malicious File,[],[],,CVE-2020-11073,575,575
576,,T1059,Command and Scripting Interpreter,[],[],,CVE-2020-5267,576,576
577,,T1185,Man in the Browser,[],[],,CVE-2020-5267,577,577
578,,T1574,Hijack Execution Flow,[],[],,CVE-2020-11068,578,578
579,,T1499.004,Application or System Exploitation,[],[],,CVE-2020-11068,579,579
580,,T1505.003,Web Shell,[],[],,CVE-2020-5297,580,580
581,,T1059,Command and Scripting Interpreter,[],[],,CVE-2020-5297,581,581
582,,T1059,Command and Scripting Interpreter,[],[],,CVE-2020-5241,582,582
583,,T1185,Man in the Browser,[],[],,CVE-2020-5241,583,583
584,,T1574,Hijack Execution Flow,[],[],,CVE-2020-5253,584,584
585,,T1499.004,Application or System Exploitation,[],[],,CVE-2020-5253,585,585
586,,T1478,Install Insecure or Malicious Configuration,[],[],,CVE-2020-5253,586,586
587,,T1589,Gather Victim Identity Information,[],[],,CVE-2020-15132,587,587
588,,T1563,Remote Service Session Hijacking,[],[],,CVE-2019-16782,588,588
589,,T1110,Brute Force,[],[],,CVE-2019-16782,589,589
590,,T1005,Data from Local System,[],[],,CVE-2020-11045,590,590
591,,T1185,Man in the Browser,[],[],,CVE-2020-11083,591,591
592,,T1059,Command and Scripting Interpreter,[],[],,CVE-2020-5281,592,592
593,,T0814,Denial of Service,[],[],,CVE-2020-6986,593,593
594,,T1499,Endpoint Denial of Service,[],[],,CVE-2020-6986,594,594
595,,T1036,Masquerading,[],[],,CVE-2018-17934,595,595
596,,T1005,Data from Local System,[],[],,CVE-2018-17934,596,596
597,,T1203,Exploitation for Client Execution,[],[],,CVE-2018-17934,597,597
598,,T1202,Indirect Command Execution,[],[],,CVE-2018-17934,598,598
599,,T1505.003,Web Shell,[],[],,CVE-2020-12029,599,599
600,,T1059,Command and Scripting Interpreter,[],[],,CVE-2020-12029,600,600
601,,T1133,External Remote Services,[],[],,CVE-2020-12029,601,601
602,,T1552.001,Credentials In Files,[],[],,CVE-2018-7520,602,602
603,,T1574,Hijack Execution Flow,[],[],,CVE-2018-7499,603,603
604,,T1499.004,Application or System Exploitation,[],[],,CVE-2018-7499,604,604
605,,T1005,Data from Local System,[],[],,CVE-2019-6522,605,605
606,,T1499.004,Application or System Exploitation,[],[],,CVE-2019-6522,606,606
607,,T1574,Hijack Execution Flow,[],[],,CVE-2019-10980,607,607
608,,T1499.004,Application or System Exploitation,[],[],,CVE-2019-10980,608,608
609,,T1574,Hijack Execution Flow,[],[],,CVE-2019-6538,609,609
610,,T1499.004,Application or System Exploitation,[],[],,CVE-2019-6538,610,610
611,,T1005,Data from Local System,[],[],,CVE-2019-6538,611,611
612,,T1557,Man-in-the-Middle,[],[],,CVE-2019-6538,612,612
613,,T0860,Wireless Compromise,[],[],,CVE-2019-6538,613,613
614,,T1477,Exploit via Radio Interfaces,[],[],,CVE-2019-6538,614,614
615,,T1005,Data from Local System,[],[],,CVE-2018-7526,615,615
616,,T1005,Data from Local System,[],[],,CVE-2018-5445,616,616
617,,T1203,Exploitation for Client Execution,[],[],,CVE-2018-5454,617,617
618,,T1574,Hijack Execution Flow,[],[],,CVE-2018-14819,618,618
619,,T1059,Command and Scripting Interpreter,[],[],,CVE-2020-6960,619,619
620,,T1059,Command and Scripting Interpreter,[],[],,CVE-2020-12014,620,620
621,,T1005,Data from Local System,[],[],,CVE-2019-13511,621,621
622,,T1204.001,Malicious Link,[],[],,CVE-2019-13511,622,622
623,,T1499.004,Application or System Exploitation,[],[],,CVE-2020-12038,623,623
624,,T1204.001,Malicious Link,[],[],,CVE-2020-12038,624,624
625,,T1539,Steal Web Session Cookie,[],[],,CVE-2019-6563,625,625
626,,T1078,Valid Accounts,[],[],,CVE-2019-6563,626,626
627,,T1110,Brute Force,[],[],,CVE-2019-6563,627,627
628,,T1059,Command and Scripting Interpreter,[],[],,CVE-2018-19007,628,628
629,,T1133,External Remote Services,[],[],,CVE-2018-19007,629,629
630,,T1005,Data from Local System,[],[],,CVE-2018-18990,630,630
631,,T1190,Exploit Public-Facing Application,[],[],,CVE-2018-14781,631,631
632,,T1040,Network Sniffing,[],[],,CVE-2018-14781,632,632
633,,T1078.001,Default Accounts,[],[],,CVE-2018-10633,633,633
634,,T1574,Hijack Execution Flow,[],[],,CVE-2018-10610,634,634
635,,T1499.004,Application or System Exploitation,[],[],,CVE-2018-10610,635,635
636,,T1005,Data from Local System,[],[],,CVE-2018-10610,636,636
637,,T1557,Man-in-the-Middle,[],[],,CVE-2018-10610,637,637
638,,T1574,Hijack Execution Flow,[],[],,CVE-2018-14809,638,638
639,,T1499.004,Application or System Exploitation,[],[],,CVE-2018-14809,639,639
640,,T1005,Data from Local System,[],[],,CVE-2018-14809,640,640
641,,T1557,Man-in-the-Middle,[],[],,CVE-2018-14809,641,641
642,,T0816,Device Restart/Shutdown,[],[],,CVE-2018-18995,642,642
643,,T1529,System Shutdown/Reboot,[],[],,CVE-2018-18995,643,643
644,,T0855,Unauthorized Command Message,[],[],,CVE-2018-18995,644,644
645,,T0836,Modify Parameter,[],[],,CVE-2018-18995,645,645
646,,T1213,Data from Information Repositories,[],[],,CVE-2018-18995,646,646
647,,T0855,Unauthorized Command Message,[],[],,CVE-2018-5459,647,647
648,,T0833,,[],[],,CVE-2018-5459,648,648
649,,T1005,Data from Local System,[],[],,CVE-2018-5459,649,649
650,,T1485,Data Destruction,[],[],,CVE-2018-5459,650,650
651,,T1565.001,Stored Data Manipulation,[],[],,CVE-2018-5459,651,651
652,,T1499,Endpoint Denial of Service,[],[],,CVE-2019-13555,652,652
653,,T0826,Loss of Availability,[],[],,CVE-2019-13555,653,653
654,,T1552,Unsecured Credentials,[],[],,CVE-2020-12008,654,654
655,,T0859,Valid Accounts,[],[],,CVE-2020-12008,655,655
656,,T0842,Network Sniffing,[],[],,CVE-2020-12008,656,656
657,,T1078.001,Default Accounts,[],[],,CVE-2019-10990,657,657
658,,T1066,,[],[],,CVE-2019-10990,658,658
659,,T1563,Remote Service Session Hijacking,[],[],,CVE-2018-8852,659,659
660,,T1574.001,DLL Search Order Hijacking,[],[],,CVE-2019-10971,660,660
661,,T1083,File and Directory Discovery,[],[],,CVE-2018-10590,661,661
662,,T1190,Exploit Public-Facing Application,[],[],,CVE-2018-10590,662,662
663,,T1496,Resource Hijacking,[],[],,CVE-2020-16200,663,663
664,,T0826,Loss of Availability,[],[],,CVE-2020-16200,664,664
665,,T1574,Hijack Execution Flow,[],[],,CVE-2018-10636,665,665
666,,T1499.004,Application or System Exploitation,[],[],,CVE-2018-10636,666,666
667,,T1068,Exploitation for Privilege Escalation,[],[],,CVE-2018-10636,667,667
668,,T1499,Endpoint Denial of Service,[],[],,CVE-2018-19010,668,668
669,,T1190,Exploit Public-Facing Application,[],[],,CVE-2018-19010,669,669
670,,T1068,Exploitation for Privilege Escalation,[],[],,CVE-2018-7500,670,670
671,,T1059,Command and Scripting Interpreter,[],[],,CVE-2019-18234,671,671
672,,T1005,Data from Local System,[],[],,CVE-2019-18234,672,672
673,,T1505.003,Web Shell,[],[],,CVE-2019-18234,673,673
674,,T1136,Create Account,[],[],,CVE-2019-18234,674,674
675,,T1190,Exploit Public-Facing Application,[],[],,CVE-2019-18234,675,675
676,,T1565.001,Stored Data Manipulation,[],[],,CVE-2019-18234,676,676
677,,T1133,External Remote Services,[],[],,CVE-2019-18234,677,677
678,,T1190,Exploit Public-Facing Application,[],[],,CVE-2020-6964,678,678
679,,T1068,Exploitation for Privilege Escalation,[],[],,CVE-2020-6964,679,679
680,,T1059,Command and Scripting Interpreter,[],[],,CVE-2020-6964,680,680
681,,T1005,Data from Local System,[],[],,CVE-2020-6993,681,681
682,,T1190,Exploit Public-Facing Application,[],[],,CVE-2020-6993,682,682
683,,T1078.001,Default Accounts,[],[],,CVE-2020-14510,683,683
684,,T1068,Exploitation for Privilege Escalation,[],[],,CVE-2020-14510,684,684
685,,T1059,Command and Scripting Interpreter,[],[],,CVE-2020-14510,685,685
686,,T1059,Command and Scripting Interpreter,[],[],,CVE-2020-14508,686,686
687,,T1499,Endpoint Denial of Service,[],[],,CVE-2020-14508,687,687
688,,T1190,Exploit Public-Facing Application,[],[],,CVE-2020-14508,688,688
689,,T1574,Hijack Execution Flow,[],[],,CVE-2018-7494,689,689
690,,T1499.004,Application or System Exploitation,[],[],,CVE-2018-7494,690,690
691,,T1068,Exploitation for Privilege Escalation,[],[],,CVE-2020-7004,691,691
692,,T1036,Masquerading,[],[],,CVE-2018-5451,692,692
693,,T1059,Command and Scripting Interpreter,[],[],,CVE-2020-10603,693,693
694,,T1133,External Remote Services,[],[],,CVE-2020-10603,694,694
695,,T1059,Command and Scripting Interpreter,[],[],,CVE-2018-17889,695,695
696,,T1574,Hijack Execution Flow,[],[],,CVE-2019-13522,696,696
697,,T1204.002,Malicious File,[],[],,CVE-2019-13522,697,697
698,,T1091,Replication Through Removable Media,[],[],,CVE-2020-12024,698,698
699,,T0875,,[],[],,CVE-2018-17924,699,699
700,,T0803,Block Command Message,[],[],,CVE-2018-17924,700,700
701,,T0804,Block Reporting Message,[],[],,CVE-2018-17924,701,701
702,,T0855,Unauthorized Command Message,[],[],,CVE-2018-17924,702,702
703,,T1059,Command and Scripting Interpreter,[],[],,CVE-2020-12000,703,703
704,,T1133,External Remote Services,[],[],,CVE-2020-12000,704,704
705,,T1574,Hijack Execution Flow,[],[],,CVE-2018-17910,705,705
706,,T1202,Indirect Command Execution,[],[],,CVE-2018-10589,706,706
707,,T1574,Hijack Execution Flow,[],[],,CVE-2018-8835,707,707
708,,T1204.002,Malicious File,[],[],,CVE-2018-8835,708,708
709,,T1068,Exploitation for Privilege Escalation,[],[],,CVE-2018-17908,709,709
710,,T1562,Impair Defenses,[],[],,CVE-2018-17908,710,710
711,,T1552,Unsecured Credentials,[],[],,CVE-2018-17900,711,711
712,,T1078 ,Valid Accounts,[],[],,CVE-2018-17900,712,712
713,,T1005,Data from Local System,[],[],,CVE-2020-16211,713,713
714,,T1204.002,Malicious File,[],[],,CVE-2020-16211,714,714
715,,T1574,Hijack Execution Flow,[],[],,CVE-2018-10620,715,715
716,,T1575,Native Code,[],[],,CVE-2018-17911,716,716
717,,T1552,Unsecured Credentials,[],[],,CVE-2019-6549,717,717
718,,T1078 ,Valid Accounts,[],[],,CVE-2019-6549,718,718
719,,T1562,Impair Defenses,[],[],,CVE-2018-17892,719,719
720,,T1575,Native Code,[],[],,CVE-2018-14802,720,720
721,,T1059,Command and Scripting Interpreter,[],[],,CVE-2018-18987,721,721
722,,T1574,Hijack Execution Flow,[],[],,CVE-2018-18987,722,722
723,,T1499.004,Application or System Exploitation,[],[],,CVE-2018-18987,723,723
724,,T1036,Masquerading,[],[],,CVE-2020-16198,724,724
725,,T1110,Brute Force,[],[],,CVE-2019-18263,725,725
726,,T1499.004,Application or System Exploitation,[],[],,CVE-2020-10602,726,726
727,,T1575,Native Code,[],[],,CVE-2019-10987,727,727
728,,T1575,Native Code,[],[],,CVE-2019-13541,728,728
729,,T1528,Steal Application Access Token,[],[],,CVE-2020-0884,729,729
730,,T1040,Network Sniffing,[],[],,CVE-2020-0884,730,730
731,,T1190,Exploit Public-Facing Application,[],[],,CVE-2020-1025,731,731
732,,T1574,Hijack Execution Flow,[],[],,CVE-2019-0911,732,732
733,,T1499.004,Application or System Exploitation,[],[],,CVE-2019-0911,733,733
734,,T1189,Drive-by Compromise,[],[],,CVE-2019-0911,734,734
735,,T1204.002,Malicious File,[],[],,CVE-2019-0911,735,735
736,,T1068,Exploitation for Privilege Escalation,[],[],,CVE-2020-1111,736,736
737,,T1005,Data from Local System,[],[],,CVE-2020-1111,737,737
738,,T1565,Data Manipulation,[],[],,CVE-2020-1111,738,738
739,,T1485,Data Destruction,[],[],,CVE-2020-1111,739,739
740,,T1136,Create Account,[],[],,CVE-2020-1111,740,740
741,,T1574,Hijack Execution Flow,[],[],,CVE-2018-8355,741,741
742,,T1499.004,Application or System Exploitation,[],[],,CVE-2018-8355,742,742
743,,T1005,Data from Local System,[],[],,CVE-2018-8355,743,743
744,,T1565,Data Manipulation,[],[],,CVE-2018-8355,744,744
745,,T1485,Data Destruction,[],[],,CVE-2018-8355,745,745
746,,T1136,Create Account,[],[],,CVE-2018-8355,746,746
747,,T1189,Drive-by Compromise,[],[],,CVE-2018-8355,747,747
748,,T1204.002,Malicious File,[],[],,CVE-2018-8355,748,748
749,,T1068,Exploitation for Privilege Escalation,[],[],,CVE-2019-1087,749,749
750,,T1574,Hijack Execution Flow,[],[],,CVE-2020-0671,750,750
751,,T1499.004,Application or System Exploitation,[],[],,CVE-2020-0671,751,751
752,,T1005,Data from Local System,[],[],,CVE-2020-0671,752,752
753,,T1565,Data Manipulation,[],[],,CVE-2020-0671,753,753
754,,T1485,Data Destruction,[],[],,CVE-2020-0671,754,754
755,,T1136,Create Account,[],[],,CVE-2020-0671,755,755
756,,T1565,Data Manipulation,[],[],,CVE-2019-1270,756,756
757,,T1485,Data Destruction,[],[],,CVE-2019-1270,757,757
758,,T1202,Indirect Command Execution,[],[],,CVE-2019-1270,758,758
759,,T1574,Hijack Execution Flow,[],[],,CVE-2020-0898,759,759
760,,T1499.004,Application or System Exploitation,[],[],,CVE-2020-0898,760,760
761,,T1574,Hijack Execution Flow,[],[],,CVE-2019-1118,761,761
762,,T1499.004,Application or System Exploitation,[],[],,CVE-2019-1118,762,762
763,,T1005,Data from Local System,[],[],,CVE-2019-1118,763,763
764,,T1565,Data Manipulation,[],[],,CVE-2019-1118,764,764
765,,T1485,Data Destruction,[],[],,CVE-2019-1118,765,765
766,,T1136,Create Account,[],[],,CVE-2019-1118,766,766
767,,T1189,Drive-by Compromise,[],[],,CVE-2019-1118,767,767
768,,T1204.002,Malicious File,[],[],,CVE-2019-1118,768,768
769,,T1059,Command and Scripting Interpreter,[],[],,CVE-2020-1456,769,769
770,,T1005,Data from Local System,[],[],,CVE-2020-1456,770,770
771,,T1565,Data Manipulation,[],[],,CVE-2020-1456,771,771
772,,T1485,Data Destruction,[],[],,CVE-2020-1456,772,772
773,,T1478,Install Insecure or Malicious Configuration,[],[],,CVE-2020-1456,773,773
774,,T1036,Masquerading,[],[],,CVE-2020-1456,774,774
775,,T1068,Exploitation for Privilege Escalation,[],[],,CVE-2019-1086,775,775
776,,T1574,Hijack Execution Flow,[],[],,CVE-2020-1109,776,776
777,,T1499.004,Application or System Exploitation,[],[],,CVE-2020-1109,777,777
778,,T1005,Data from Local System,[],[],,CVE-2020-1109,778,778
779,,T1565,Data Manipulation,[],[],,CVE-2020-1109,779,779
780,,T1485,Data Destruction,[],[],,CVE-2020-1109,780,780
781,,T1136,Create Account,[],[],,CVE-2020-1109,781,781
782,,T1574,Hijack Execution Flow,[],[],,CVE-2019-0576,782,782
783,,T1499.004,Application or System Exploitation,[],[],,CVE-2019-0576,783,783
784,,T1204.002,Malicious File,[],[],,CVE-2019-0576,784,784
785,,T1068,Exploitation for Privilege Escalation,[],[],,CVE-2020-1347,785,785
786,,T1485,Data Destruction,[],[],,CVE-2020-1163,786,786
787,,T1565,Data Manipulation,[],[],,CVE-2020-1068,787,787
788,,T1574,Hijack Execution Flow,[],[],,CVE-2020-1495,788,788
789,,T1499.004,Application or System Exploitation,[],[],,CVE-2020-1495,789,789
790,,T1005,Data from Local System,[],[],,CVE-2020-1495,790,790
791,,T1565,Data Manipulation,[],[],,CVE-2020-1495,791,791
792,,T1485,Data Destruction,[],[],,CVE-2020-1495,792,792
793,,T1136,Create Account,[],[],,CVE-2020-1495,793,793
794,,T1204.002,Malicious File,[],[],,CVE-2020-1495,794,794
795,,T1566,Phishing,[],[],,CVE-2020-1495,795,795
796,,T1574,Hijack Execution Flow,[],[],,CVE-2020-1425,796,796
797,,T1499.004,Application or System Exploitation,[],[],,CVE-2020-1425,797,797
798,,T1574,Hijack Execution Flow,[],[],,CVE-2018-8248,798,798
799,,T1499.004,Application or System Exploitation,[],[],,CVE-2018-8248,799,799
800,,T1005,Data from Local System,[],[],,CVE-2018-8248,800,800
801,,T1565,Data Manipulation,[],[],,CVE-2018-8248,801,801
802,,T1485,Data Destruction,[],[],,CVE-2018-8248,802,802
803,,T1136,Create Account,[],[],,CVE-2018-8248,803,803
804,,T1189,Drive-by Compromise,[],[],,CVE-2018-8248,804,804
805,,T1204.002,Malicious File,[],[],,CVE-2018-8248,805,805
806,,T1068,Exploitation for Privilege Escalation,[],[],,CVE-2020-0758,806,806
807,,T1098,Account Manipulation,[],[],,CVE-2020-0758,807,807
808,,T1005,Data from Local System,[],[],,CVE-2020-1141,808,808
809,,T1211,Exploitation for Defense Evasion,[],[],,CVE-2020-1141,809,809
810,,T1574,Hijack Execution Flow,[],[],,CVE-2018-8111,810,810
811,,T1499.004,Application or System Exploitation,[],[],,CVE-2018-8111,811,811
812,,T1005,Data from Local System,[],[],,CVE-2018-8111,812,812
813,,T1565,Data Manipulation,[],[],,CVE-2018-8111,813,813
814,,T1485,Data Destruction,[],[],,CVE-2018-8111,814,814
815,,T1136,Create Account,[],[],,CVE-2018-8111,815,815
816,,T1204.002,Malicious File,[],[],,CVE-2018-8111,816,816
817,,T1566,Phishing,[],[],,CVE-2018-8111,817,817
818,,T1059,Command and Scripting Interpreter,[],[],,CVE-2018-8607,818,818
819,,T1005,Data from Local System,[],[],,CVE-2018-8607,819,819
820,,T1565,Data Manipulation,[],[],,CVE-2018-8607,820,820
821,,T1485,Data Destruction,[],[],,CVE-2018-8607,821,821
822,,T1478,Install Insecure or Malicious Configuration,[],[],,CVE-2018-8607,822,822
823,,T1036,Masquerading,[],[],,CVE-2018-8607,823,823
824,,T1068,Exploitation for Privilege Escalation,[],[],,CVE-2019-1021,824,824
825,,T1574,Hijack Execution Flow,[],[],,CVE-2020-1569,825,825
826,,T1499.004,Application or System Exploitation,[],[],,CVE-2020-1569,826,826
827,,T1005,Data from Local System,[],[],,CVE-2020-1569,827,827
828,,T1565,Data Manipulation,[],[],,CVE-2020-1569,828,828
829,,T1485,Data Destruction,[],[],,CVE-2020-1569,829,829
830,,T1136,Create Account,[],[],,CVE-2020-1569,830,830
831,,T1204.002,Malicious File,[],[],,CVE-2020-1569,831,831
832,,T1566,Phishing,[],[],,CVE-2020-1569,832,832
833,,T1565,Data Manipulation,[],[],,CVE-2019-1423,833,833
834,,T1068,Exploitation for Privilege Escalation,[],[],,CVE-2019-1423,834,834
835,,T1574,Hijack Execution Flow,[],[],,CVE-2020-16874,835,835
836,,T1499.004,Application or System Exploitation,[],[],,CVE-2020-16874,836,836
837,,T1005,Data from Local System,[],[],,CVE-2020-16874,837,837
838,,T1565,Data Manipulation,[],[],,CVE-2020-16874,838,838
839,,T1485,Data Destruction,[],[],,CVE-2020-16874,839,839
840,,T1136,Create Account,[],[],,CVE-2020-16874,840,840
841,,T1204.002,Malicious File,[],[],,CVE-2020-16874,841,841
842,,T1005,Data from Local System,[],[],,CVE-2019-1013,842,842
843,,T1204.002,Malicious File,[],[],,CVE-2019-1013,843,843
844,,T1566,Phishing,[],[],,CVE-2019-1013,844,844
845,,T1574,Hijack Execution Flow,[],[],,CVE-2019-0609,845,845
846,,T1499.004,Application or System Exploitation,[],[],,CVE-2019-0609,846,846
847,,T1005,Data from Local System,[],[],,CVE-2019-0609,847,847
848,,T1565,Data Manipulation,[],[],,CVE-2019-0609,848,848
849,,T1485,Data Destruction,[],[],,CVE-2019-0609,849,849
850,,T1136,Create Account,[],[],,CVE-2019-0609,850,850
851,,T1204.002,Malicious File,[],[],,CVE-2019-0609,851,851
852,,T1566,Phishing,[],[],,CVE-2019-0609,852,852
853,,T1068,Exploitation for Privilege Escalation,[],[],,CVE-2020-1190,853,853
854,,T1574,Hijack Execution Flow,[],[],,CVE-2018-8353,854,854
855,,T1499.004,Application or System Exploitation,[],[],,CVE-2018-8353,855,855
856,,T1005,Data from Local System,[],[],,CVE-2018-8353,856,856
857,,T1565,Data Manipulation,[],[],,CVE-2018-8353,857,857
858,,T1485,Data Destruction,[],[],,CVE-2018-8353,858,858
859,,T1136,Create Account,[],[],,CVE-2018-8353,859,859
860,,T1204.002,Malicious File,[],[],,CVE-2018-8353,860,860
861,,T1566,Phishing,[],[],,CVE-2018-8353,861,861
862,,T1574,Hijack Execution Flow,[],[],,CVE-2018-8110,862,862
863,,T1499.004,Application or System Exploitation,[],[],,CVE-2018-8110,863,863
864,,T1005,Data from Local System,[],[],,CVE-2018-8110,864,864
865,,T1565,Data Manipulation,[],[],,CVE-2018-8110,865,865
866,,T1485,Data Destruction,[],[],,CVE-2018-8110,866,866
867,,T1136,Create Account,[],[],,CVE-2018-8110,867,867
868,,T1204.002,Malicious File,[],[],,CVE-2018-8110,868,868
869,,T1566,Phishing,[],[],,CVE-2018-8110,869,869
870,,T1068,Exploitation for Privilege Escalation,[],[],,CVE-2018-8575,870,870
871,,T1005,Data from Local System,[],[],,CVE-2018-8575,871,871
872,,T1565,Data Manipulation,[],[],,CVE-2018-8575,872,872
873,,T1485,Data Destruction,[],[],,CVE-2018-8575,873,873
874,,T1136,Create Account,[],[],,CVE-2018-8575,874,874
875,,T1204.002,Malicious File,[],[],,CVE-2018-8575,875,875
876,,T1566,Phishing,[],[],,CVE-2018-8575,876,876
877,,T1059,Command and Scripting Interpreter,[],[],,CVE-2019-1031,877,877
878,,T1005,Data from Local System,[],[],,CVE-2019-1031,878,878
879,,T1565,Data Manipulation,[],[],,CVE-2019-1031,879,879
880,,T1485,Data Destruction,[],[],,CVE-2019-1031,880,880
881,,T1478,Install Insecure or Malicious Configuration,[],[],,CVE-2019-1031,881,881
882,,T1036,Masquerading,[],[],,CVE-2019-1031,882,882
883,,T1068,Exploitation for Privilege Escalation,[],[],,CVE-2019-1402,883,883
884,,T1005,Data from Local System,[],[],,CVE-2020-0955,884,884
885,,T1134,Access Token Manipulation,[],[],,CVE-2020-0981,885,885
886,,T1068,Exploitation for Privilege Escalation,[],[],,CVE-2020-0981,886,886
887,,T1497,Virtualization/Sandbox Evasion,[],[],,CVE-2020-0981,887,887
888,,T1005,Data from Local System,[],[],,CVE-2018-8160,888,888
889,,T1110,Brute Force,[],[],,CVE-2018-8160,889,889
890,,T1566,Phishing,[],[],,CVE-2018-8160,890,890
891,,T1574,Hijack Execution Flow,[],[],,CVE-2019-1106,891,891
892,,T1499.004,Application or System Exploitation,[],[],,CVE-2019-1106,892,892
893,,T1189,Drive-by Compromise,[],[],,CVE-2019-1106,893,893
894,,T1203,Exploitation for Client Execution,[],[],,CVE-2019-1106,894,894
895,,T1574,Hijack Execution Flow,[],[],,CVE-2019-1035,895,895
896,,T1499.004,Application or System Exploitation,[],[],,CVE-2019-1035,896,896
897,,T1204.002,Malicious File,[],[],,CVE-2019-1035,897,897
898,,T1203,Exploitation for Client Execution,[],[],,CVE-2019-1035,898,898
899,,T1190,Exploit Public-Facing Application,[],[],,CVE-2018-8431,899,899
900,,T1565,Data Manipulation,[],[],,CVE-2018-8431,900,900
901,,T1497,Virtualization/Sandbox Evasion,[],[],,CVE-2018-8489,901,901
902,,T1574,Hijack Execution Flow,[],[],,CVE-2019-0926,902,902
903,,T1499.004,Application or System Exploitation,[],[],,CVE-2019-0926,903,903
904,,T1189,Drive-by Compromise,[],[],,CVE-2019-0926,904,904
905,,T1203,Exploitation for Client Execution,[],[],,CVE-2019-0926,905,905
906,,T1574,Hijack Execution Flow,[],[],,CVE-2019-1052,906,906
907,,T1499.004,Application or System Exploitation,[],[],,CVE-2019-1052,907,907
908,,T1189,Drive-by Compromise,[],[],,CVE-2019-1052,908,908
909,,T1203,Exploitation for Client Execution,[],[],,CVE-2019-1052,909,909
910,,T1068,Exploitation for Privilege Escalation,[],[],,CVE-2020-1471,910,910
911,,T1068,Exploitation for Privilege Escalation,[],[],,CVE-2020-0636,911,911
